frame_id,event_id,event_type,milestone,motion_phase,model_raw_label,raw_label_conflict,is_peak_frame,is_contact_frame,event_start_frame,event_end_frame,peak_frame,contact_frame,bounce_frame,shot_direction,motion_energy,raw_swing_type,wrist_speed,racket_speed,ball_racket_distance,contact_score,event_contact_confidence,racket_lag_at_contact,two_hand_distance
0,,No Event,NO_EVENT,ready,Forehand,False,False,False,,,,,,,0.0,Forehand,0.0,0.0,,0.0,,,125.004
1,,No Event,NO_EVENT,ready,Forehand,False,False,False,,,,,,,4.6987,Forehand,2.2361,6.265,,0.0,,,122.0656
2,,No Event,NO_EVENT,ready,Forehand,False,False,False,,,,,,,4.0562,Forehand,2.0,5.4083,,0.0,,,121.2642
3,,No Event,NO_EVENT,ready,Forehand,False,False,False,,,,,,,4.0562,Forehand,2.0,2.9155,,0.0,,,121.499
4,,No Event,NO_EVENT,ready,Forehand,False,False,False,,,,,,,4.0562,Forehand,2.2361,6.0828,,0.0,,,122.8007
5,,No Event,NO_EVENT,ready,Forehand,False,False,False,,,,,,,4.1231,Forehand,4.1231,1.118,,0.0,,,122.3315
6,,No Event,NO_EVENT,ready,Forehand,False,False,False,,,,,,,4.5621,Forehand,5.0,0.0,,0.0,,,126.2894
7,,No Event,NO_EVENT,ready,Forehand,False,False,False,,,,,,,5.0,Forehand,8.2462,0.0,,0.0,,,128.8914
8,,No Event,NO_EVENT,ready,Forehand,False,False,False,,,,,,,8.2462,Forehand,10.7703,0.0,,0.0,,,131.0267
9,,No Event,NO_EVENT,ready,Forehand,False,False,False,,,,,,,10.7703,Forehand,14.5602,0.0,,0.0,,,133.9291
10,,No Event,NO_EVENT,ready,Forehand,False,False,False,,,,,,,14.5602,Forehand,15.8114,0.0,,0.0,,,132.5179
11,,No Event,NO_EVENT,ready,Forehand,False,False,False,,,,,,,15.8114,Forehand,16.2788,0.0,,0.0,,,123.065
12,,No Event,NO_EVENT,ready,Forehand,False,False,False,,,,,,,16.2788,Forehand,16.4924,0.0,,0.0,,,109.2749
13,,No Event,NO_EVENT,ready,Forehand,False,False,False,,,,,,,16.2788,Forehand,12.3693,0.0,,0.0,,,96.2549
14,,No Event,NO_EVENT,ready,Forehand,False,False,False,,,,,,,16.4924,Forehand,18.1108,0.0,,0.0,,,75.0733
15,,No Event,NO_EVENT,ready,Forehand,False,False,False,,,,,,,18.1108,Forehand,20.2237,0.0,,0.0,,,61.5873
16,,No Event,NO_EVENT,ready,Forehand,False,False,False,,,,,,,18.1108,Forehand,16.6433,0.0,,0.0,,,58.5918
17,,No Event,NO_EVENT,ready,Forehand,False,False,False,,,,,,,16.6433,Forehand,15.8114,0.0,,0.0,,,62.1691
18,,No Event,NO_EVENT,ready,Forehand,False,False,False,,,,,,,15.8114,Forehand,11.4018,0.0,,0.0,,,62.6498
19,,No Event,NO_EVENT,ready,Forehand,False,False,False,,,,,,,15.6605,Forehand,8.0623,20.8806,,0.0,,,63.8905
20,,No Event,NO_EVENT,ready,Forehand,False,False,False,,,,,,,15.6605,Forehand,19.2354,11.1803,1203.8624,0.0,,,78.9177
21,,No Event,NO_EVENT,ready,Forehand,False,False,False,,,,,,,19.2354,Forehand,21.6333,6.1033,1124.7116,0.0,,,65.6201
22,,No Event,NO_EVENT,ready,Forehand,False,False,False,,,,,,,19.2354,Forehand,18.4391,16.568,1062.1328,0.0,,,57.6975
23,,No Event,NO_EVENT,ready,Forehand,False,False,False,,,,,,,18.4391,Forehand,10.0499,5.5902,1010.6052,0.0,,,52.4309
24,,No Event,NO_EVENT,ready,Forehand,False,False,False,,,,,,,10.3448,Forehand,0.0,13.7931,962.0976,0.0,,,31.1448
25,1,Forehand,IN_EVENT,follow_through,Forehand,False,False,False,25,77,46,41,,screen_right,10.3448,Forehand,0.0,16.0,918.8628,0.0,0.5615,172.8844,48.2701
26,1,Forehand,IN_EVENT,follow_through,Forehand,False,False,False,25,77,46,41,,screen_right,12.0,Forehand,23.6008,4.7434,901.2326,0.0,0.5615,172.8844,24.0832
27,1,Forehand,IN_EVENT,follow_through,Forehand,False,False,False,25,77,46,41,,screen_right,12.0,Forehand,9.434,2.9155,888.5745,0.0,0.5615,172.8844,19.4165
28,1,Forehand,IN_EVENT,follow_through,Forehand,False,False,False,25,77,46,41,,screen_right,16.1555,Forehand,16.1555,4.4721,882.9681,0.0,0.5615,172.8844,18.6815
29,1,Forehand,IN_EVENT,follow_through,Forehand,False,False,False,25,77,46,41,,screen_right,16.1555,Forehand,40.7922,8.0777,871.846,0.0,0.5615,172.8844,69.1231
30,1,Forehand,IN_EVENT,forward_swing,Forehand,False,False,False,25,77,46,41,,screen_right,40.5216,Forehand,40.5216,0.0,,0.0,0.5615,172.8844,122.9309
31,1,Forehand,IN_EVENT,forward_swing,Forehand,False,False,False,25,77,46,41,,screen_right,40.5216,Forehand,27.1662,0.0,,0.0,0.5615,172.8844,170.845
32,1,Forehand,IN_EVENT,backswing,Forehand,False,False,False,25,77,46,41,,screen_right,27.1662,Forehand,25.0799,0.0,,0.0,0.5615,172.8844,220.0477
33,1,Forehand,IN_EVENT,backswing,Forehand,False,False,False,25,77,46,41,,screen_right,25.0799,Forehand,5.0,0.0,,0.0,0.5615,172.8844,250.6352
34,1,Forehand,IN_EVENT,ready,Forehand,False,False,False,25,77,46,41,,screen_right,8.0623,Forehand,8.0623,0.0,,0.0,0.5615,172.8844,277.7949
35,1,Forehand,IN_EVENT,ready,Forehand,False,False,False,25,77,46,41,,screen_right,8.0623,Forehand,14.0,0.0,,0.0,0.5615,172.8844,295.6011
36,1,Forehand,IN_EVENT,follow_through,Forehand,False,False,False,25,77,46,41,,screen_right,14.0,Forehand,40.0125,0.0,,0.0,0.5615,172.8844,288.6001
37,1,Forehand,IN_EVENT,forward_swing,Forehand,False,False,False,25,77,46,41,,screen_right,40.0125,Forehand,40.1995,0.0,,0.0,0.5615,172.8844,282.45
38,1,Forehand,IN_EVENT,forward_swing,Forehand,False,False,False,25,77,46,41,,screen_right,40.1995,Forehand,40.2616,0.0,,0.0,0.5615,172.8844,279.7284
39,1,Forehand,IN_EVENT,forward_swing,Forehand,False,False,False,25,77,46,41,,screen_right,40.2616,Forehand,40.3113,0.0,,0.0,0.5615,172.8844,283.4237
40,1,Forehand,IN_EVENT,contact_candidate,Forehand,False,False,False,25,77,46,41,,screen_right,40.3113,Forehand,40.7063,0.0,105.6818,0.4129,0.5615,172.8844,291.988
41,1,Forehand,CONTACT,contact_candidate,Forehand,False,False,True,25,77,46,41,,screen_right,40.7063,Forehand,40.7185,23.3452,78.9247,0.5615,0.5615,172.8844,303.2787
42,1,Forehand,IN_EVENT,forward_swing,Forehand,False,False,False,25,77,46,41,,screen_right,40.7063,Forehand,14.4222,0.0,,0.0,0.5615,172.8844,289.8362
43,1,Forehand,IN_EVENT,forward_swing,Forehand,False,False,False,25,77,46,41,,screen_right,34.9285,Forehand,34.9285,0.0,257.4723,0.0,0.5615,172.8844,251.0717
44,1,Forehand,IN_EVENT,forward_swing,Forehand,False,False,False,25,77,46,41,,screen_right,34.9285,Forehand,40.8044,0.0,,0.0,0.5615,172.8844,215.9282
45,1,Forehand,IN_EVENT,forward_swing,Backhand,True,False,False,25,77,46,41,,screen_right,40.3609,Backhand,40.3609,0.0,,0.0,0.5615,172.8844,190.4127
46,1,Forehand,PEAK,forward_swing,Backhand,True,True,False,25,77,46,41,,screen_right,40.6079,Backhand,40.6079,0.0,,0.0,0.5615,172.8844,170.3907
47,1,Forehand,IN_EVENT,forward_swing,Backhand,True,False,False,25,77,46,41,,screen_right,40.6079,Backhand,40.6079,0.0,,0.0,0.5615,172.8844,159.7905
48,1,Forehand,IN_EVENT,forward_swing,Backhand,True,False,False,25,77,46,41,,screen_right,40.6079,Backhand,40.4599,0.0,,0.0,0.5615,172.8844,150.0
49,1,Forehand,IN_EVENT,forward_swing,Backhand,True,False,False,25,77,46,41,,screen_right,40.4599,Backhand,40.3609,0.0,,0.0,0.5615,172.8844,147.6279
50,1,Forehand,IN_EVENT,forward_swing,Backhand,True,False,False,25,77,46,41,,screen_right,40.3609,Backhand,38.2099,0.0,,0.0,0.5615,172.8844,154.5736
51,1,Forehand,IN_EVENT,forward_swing,Backhand,True,False,False,25,77,46,41,,screen_right,38.2099,Backhand,15.5563,0.0,,0.0,0.5615,172.8844,154.2077
52,1,Forehand,IN_EVENT,follow_through,Backhand,True,False,False,25,77,46,41,,screen_right,15.5563,Backhand,4.1231,0.0,,0.0,0.5615,172.8844,146.0137
53,1,Forehand,IN_EVENT,ready,Backhand,True,False,False,25,77,46,41,,screen_right,7.0,Backhand,7.0,0.0,,0.0,0.5615,172.8844,135.0037
54,1,Forehand,IN_EVENT,ready,Backhand,True,False,False,25,77,46,41,,screen_right,7.0,Backhand,11.1803,0.0,,0.0,0.5615,172.8844,122.1024
55,1,Forehand,IN_EVENT,follow_through,Backhand,True,False,False,25,77,46,41,,screen_right,11.1803,Backhand,14.8661,0.0,,0.0,0.5615,172.8844,108.5587
56,1,Forehand,IN_EVENT,follow_through,Backhand,True,False,False,25,77,46,41,,screen_right,14.8661,Backhand,16.2788,0.0,,0.0,0.5615,172.8844,97.4936
57,1,Forehand,IN_EVENT,follow_through,Backhand,True,False,False,25,77,46,41,,screen_right,16.2788,Backhand,20.2237,3.1623,,0.0,0.5615,172.8844,82.28
58,1,Forehand,IN_EVENT,follow_through,Backhand,True,False,False,25,77,46,41,,screen_right,16.2788,Backhand,0.0,0.0,,0.0,0.5615,172.8844,82.28
59,1,Forehand,IN_EVENT,backswing,Two-Handed Backhand,True,False,False,25,77,46,41,,screen_right,20.2237,Two-Handed Backhand,40.7185,0.0,,0.0,0.5615,172.8844,48.2701
60,1,Forehand,IN_EVENT,forward_swing,Two-Handed Backhand,True,False,False,25,77,46,41,,screen_right,37.7359,Two-Handed Backhand,37.7359,0.0,,0.0,0.5615,172.8844,26.0768
61,1,Forehand,IN_EVENT,forward_swing,Two-Handed Backhand,True,False,False,25,77,46,41,,screen_right,37.7359,Two-Handed Backhand,33.2866,17.5855,,0.0,0.5615,172.8844,12.53
62,1,Forehand,IN_EVENT,forward_swing,Two-Handed Backhand,True,False,False,25,77,46,41,,screen_right,33.9706,Two-Handed Backhand,33.9706,5.8523,,0.0,0.5615,172.8844,28.2312
63,1,Forehand,IN_EVENT,forward_swing,Two-Handed Backhand,True,False,False,25,77,46,41,,screen_right,33.2866,Two-Handed Backhand,29.0689,14.6373,,0.0,0.5615,172.8844,47.5079
64,1,Forehand,IN_EVENT,backswing,Backhand,True,False,False,25,77,46,41,,screen_right,29.0689,Backhand,28.3019,19.4487,,0.0,0.5615,172.8844,67.082
65,1,Forehand,IN_EVENT,backswing,Backhand,True,False,False,25,77,46,41,,screen_right,29.0689,Backhand,28.7924,49.4217,,0.0,0.5615,172.8844,87.6641
66,1,Forehand,IN_EVENT,backswing,Backhand,True,False,False,25,77,46,41,,screen_right,28.3019,Backhand,23.0868,25.632,,0.0,0.5615,172.8844,100.0
67,1,Forehand,IN_EVENT,forward_swing,Backhand,True,False,False,25,77,46,41,,screen_right,35.5004,Backhand,16.7631,47.3339,,0.0,0.5615,172.8844,109.6358
68,1,Forehand,IN_EVENT,backswing,Backhand,True,False,False,25,77,46,41,,screen_right,23.0868,Backhand,16.2788,17.3566,,0.0,0.5615,172.8844,118.0678
69,1,Forehand,IN_EVENT,backswing,Backhand,True,False,False,25,77,46,41,,screen_right,23.2983,Backhand,10.7703,31.0644,,0.0,0.5615,172.8844,122.4827
70,1,Forehand,IN_EVENT,follow_through,Backhand,True,False,False,25,77,46,41,,screen_right,16.2788,Backhand,8.6023,15.6205,,0.0,0.5615,172.8844,124.904
71,1,Forehand,IN_EVENT,follow_through,Backhand,True,False,False,25,77,46,41,,screen_right,11.7154,Backhand,6.4031,9.5,,0.0,0.5615,172.8844,125.6742
72,1,Forehand,IN_EVENT,ready,Forehand,False,False,False,25,77,46,41,,screen_right,7.125,Forehand,4.4721,5.0249,,0.0,0.5615,172.8844,125.5747
73,1,Forehand,IN_EVENT,ready,Forehand,False,False,False,25,77,46,41,,screen_right,6.7604,Forehand,2.0,9.0139,,0.0,0.5615,172.8844,125.3994
74,1,Forehand,IN_EVENT,ready,Forehand,False,False,False,25,77,46,41,,screen_right,6.7604,Forehand,2.0,31.504,,0.0,0.5615,172.8844,126.2537
75,1,Forehand,IN_EVENT,ready,Forehand,False,False,False,25,77,46,41,,screen_right,6.7604,Forehand,4.1231,3.8079,,0.0,0.5615,172.8844,127.063
76,1,Forehand,IN_EVENT,ready,Forehand,False,False,False,25,77,46,41,,screen_right,9.0554,Forehand,9.0554,4.0311,,0.0,0.5615,172.8844,122.0041
77,1,Forehand,IN_EVENT,ready,Forehand,False,False,False,25,77,46,41,,screen_right,9.0554,Forehand,8.2462,14.5774,,0.0,0.5615,172.8844,121.0372
78,,No Event,NO_EVENT,ready,Forehand,False,False,False,,,,,,,9.2195,Forehand,9.2195,6.6708,,0.0,,,119.0
79,,No Event,NO_EVENT,ready,Forehand,False,False,False,,,,,,,9.4868,Forehand,9.4868,4.5277,,0.0,,,118.0
80,,No Event,NO_EVENT,ready,Forehand,False,False,False,,,,,,,9.2195,Forehand,8.0623,9.6177,,0.0,,,119.0378
81,,No Event,NO_EVENT,ready,Forehand,False,False,False,,,,,,,8.0623,Forehand,7.0711,1.118,,0.0,,,121.0661
82,,No Event,NO_EVENT,ready,Forehand,False,False,False,,,,,,,7.0711,Forehand,6.4031,7.2111,,0.0,,,126.0
83,,No Event,NO_EVENT,ready,Forehand,False,False,False,,,,,,,7.0711,Forehand,7.2801,9.9624,,0.0,,,130.0038
84,,No Event,NO_EVENT,ready,Forehand,False,False,False,,,,,,,7.4718,Forehand,10.0499,13.7568,,0.0,,,136.0
85,,No Event,NO_EVENT,ready,Forehand,False,False,False,,,,,,,10.3176,Forehand,12.0416,18.1797,,0.0,,,144.0139
86,,No Event,NO_EVENT,ready,Forehand,False,False,False,,,,,,,13.6348,Forehand,14.3178,22.2991,,0.0,,,153.209
87,,No Event,NO_EVENT,ready,Forehand,False,False,False,,,,,,,15.5242,Forehand,15.5242,0.0,,0.0,,,162.0031
88,,No Event,NO_EVENT,ready,Forehand,False,False,False,,,,,,,16.7243,Forehand,18.3848,0.0,,0.0,,,168.4666
89,,No Event,NO_EVENT,ready,Forehand,False,False,False,,,,,,,17.72,Forehand,17.72,0.0,,0.0,,,166.3791
90,,No Event,NO_EVENT,ready,Forehand,False,False,False,,,,,,,18.3848,Forehand,18.4391,0.0,,0.0,,,160.8229
91,,No Event,NO_EVENT,ready,Forehand,False,False,False,,,,,,,18.4391,Forehand,19.4165,0.0,,0.0,,,155.6824
92,,No Event,NO_EVENT,ready,Forehand,False,False,False,,,,,,,18.4391,Forehand,18.0,0.0,,0.0,,,136.565
93,,No Event,NO_EVENT,ready,Forehand,False,False,False,,,,,,,18.1108,Forehand,18.1108,0.0,,0.0,,,120.4326
94,,No Event,NO_EVENT,ready,Forehand,False,False,False,,,,,,,18.0,Forehand,15.0,0.0,,0.0,,,105.4751
95,,No Event,NO_EVENT,ready,Forehand,False,False,False,,,,,,,15.0,Forehand,8.0623,0.0,,0.0,,,78.6448
96,,No Event,NO_EVENT,ready,Forehand,False,False,False,,,,,,,8.0623,Forehand,6.0,0.0,,0.0,,,58.5235
97,,No Event,NO_EVENT,ready,Forehand,False,False,False,,,,,,,7.0711,Forehand,7.0711,5.7009,,0.0,,,48.7647
98,2,Forehand,IN_EVENT,ready,Forehand,False,False,False,98,150,119,119,,screen_right,7.0711,Forehand,7.8102,10.0125,,0.0,0.5937,172.6507,43.3244
99,2,Forehand,IN_EVENT,ready,Forehand,False,False,False,98,150,119,119,,screen_right,7.0711,Forehand,5.099,0.0,,0.0,0.5937,172.6507,38.6394
100,2,Forehand,IN_EVENT,ready,Forehand,False,False,False,98,150,119,119,,screen_right,7.0711,Forehand,7.0711,0.0,,0.0,0.5937,172.6507,36.3456
101,2,Forehand,IN_EVENT,ready,Forehand,False,False,False,98,150,119,119,,screen_right,7.0711,Forehand,7.8102,0.0,981.0406,0.0,0.5937,172.6507,33.1361
102,2,Forehand,IN_EVENT,ready,Forehand,False,False,False,98,150,119,119,,screen_right,7.8102,Forehand,5.0,12.51,921.1946,0.0,0.5937,172.6507,34.0147
103,2,Forehand,IN_EVENT,ready,Forehand,False,False,False,98,150,119,119,,screen_right,9.3825,Forehand,9.8489,17.4141,885.4937,0.0,0.5937,172.6507,30.1496
104,2,Forehand,IN_EVENT,ready,Forehand,False,False,False,98,150,119,119,,screen_right,13.0606,Forehand,15.1327,5.6569,848.9641,0.0,0.5937,172.6507,38.4708
105,2,Forehand,IN_EVENT,ready,Forehand,False,False,False,98,150,119,119,,screen_right,13.0606,Forehand,11.7047,4.1231,822.5501,0.0,0.5937,172.6507,52.1536
106,2,Forehand,IN_EVENT,ready,Forehand,False,False,False,98,150,119,119,,screen_right,11.7047,Forehand,6.4031,11.0114,804.4714,0.0,0.5937,172.6507,50.4777
107,2,Forehand,IN_EVENT,ready,Forehand,False,False,False,98,150,119,119,,screen_right,11.7047,Forehand,40.6079,20.1556,793.7063,0.0,0.5937,172.6507,88.2043
108,2,Forehand,IN_EVENT,follow_through,Forehand,False,False,False,98,150,119,119,,screen_right,40.6079,Forehand,40.6079,18.3371,794.8196,0.0,0.5937,172.6507,134.8073
109,2,Forehand,IN_EVENT,follow_through,Forehand,False,False,False,98,150,119,119,,screen_right,40.6079,Forehand,35.0,0.0,,0.0,0.5937,172.6507,183.3576
110,2,Forehand,IN_EVENT,ready,Forehand,False,False,False,98,150,119,119,,screen_right,35.0,Forehand,15.2971,0.0,,0.0,0.5937,172.6507,217.2487
111,2,Forehand,IN_EVENT,ready,Forehand,False,False,False,98,150,119,119,,screen_right,15.2971,Forehand,5.099,0.0,,0.0,0.5937,172.6507,249.0883
112,2,Forehand,IN_EVENT,ready,Forehand,False,False,False,98,150,119,119,,screen_right,5.099,Forehand,5.099,0.0,,0.0,0.5937,172.6507,278.627
113,2,Forehand,IN_EVENT,ready,Forehand,False,False,False,98,150,119,119,,screen_right,5.099,Forehand,32.0624,0.0,,0.0,0.5937,172.6507,283.7358
114,2,Forehand,IN_EVENT,ready,Forehand,False,False,False,98,150,119,119,,screen_right,25.7099,Forehand,25.7099,0.0,,0.0,0.5937,172.6507,287.0679
115,2,Forehand,IN_EVENT,ready,Forehand,False,False,False,98,150,119,119,,screen_right,25.7099,Forehand,9.434,0.0,,0.0,0.5937,172.6507,297.3214
116,2,Forehand,IN_EVENT,ready,Forehand,False,False,False,98,150,119,119,,screen_right,25.7099,Forehand,40.05,0.0,,0.0,0.5937,172.6507,278.1079
117,2,Forehand,IN_EVENT,follow_through,Forehand,False,False,False,98,150,119,119,,screen_right,40.05,Forehand,40.2616,0.0,414.3156,0.0,0.5937,172.6507,265.4807
118,2,Forehand,IN_EVENT,follow_through,Forehand,False,False,False,98,150,119,119,,screen_right,40.2616,Forehand,40.2492,213.3565,596.9268,0.0,0.5937,172.6507,266.1522
119,2,Forehand,PEAK,contact_candidate,Forehand,False,True,True,98,150,119,119,,screen_right,160.0174,Forehand,40.8167,513.9815,73.1373,0.5937,0.5937,172.6507,275.3471
120,2,Forehand,IN_EVENT,forward_swing,Forehand,False,False,False,98,150,119,119,,screen_right,160.0174,Forehand,18.6815,14.0089,,0.0,0.5937,172.6507,276.7418
121,2,Forehand,IN_EVENT,ready,Forehand,False,False,False,98,150,119,119,,screen_right,36.4117,Forehand,20.2485,48.5489,162.0299,0.0998,0.5937,172.6507,257.3908
122,2,Forehand,IN_EVENT,ready,Forehand,False,False,False,98,150,119,119,,screen_right,36.4117,Forehand,40.8167,0.0,,0.0,0.5937,172.6507,226.0619
123,2,Forehand,IN_EVENT,follow_through,Forehand,False,False,False,98,150,119,119,,screen_right,40.3113,Forehand,40.3113,0.0,,0.0,0.5937,172.6507,197.1015
124,2,Forehand,IN_EVENT,follow_through,Backhand,True,False,False,98,150,119,119,,screen_right,40.4969,Backhand,40.4969,0.0,,0.0,0.5937,172.6507,174.2699
125,2,Forehand,IN_EVENT,follow_through,Backhand,True,False,False,98,150,119,119,,screen_right,40.3113,Backhand,40.3113,0.0,,0.0,0.5937,172.6507,157.2069
126,2,Forehand,IN_EVENT,follow_through,Backhand,True,False,False,98,150,119,119,,screen_right,40.3113,Backhand,40.2492,0.0,,0.0,0.5937,172.6507,149.6162
127,2,Forehand,IN_EVENT,follow_through,Backhand,True,False,False,98,150,119,119,,screen_right,40.2492,Backhand,40.2492,0.0,,0.0,0.5937,172.6507,136.6931
128,2,Forehand,IN_EVENT,follow_through,Backhand,True,False,False,98,150,119,119,,screen_right,40.2492,Backhand,33.541,0.0,,0.0,0.5937,172.6507,125.9365
129,2,Forehand,IN_EVENT,ready,Backhand,True,False,False,98,150,119,119,,screen_right,33.541,Backhand,16.1245,0.0,,0.0,0.5937,172.6507,116.1551
130,2,Forehand,IN_EVENT,ready,Backhand,True,False,False,98,150,119,119,,screen_right,16.1245,Backhand,8.0623,0.0,,0.0,0.5937,172.6507,107.0047
131,2,Forehand,IN_EVENT,ready,Backhand,True,False,False,98,150,119,119,,screen_right,10.0,Backhand,10.0,1.0,,0.0,0.5937,172.6507,97.4166
132,2,Forehand,IN_EVENT,ready,Backhand,True,False,False,98,150,119,119,,screen_right,10.0,Backhand,14.4222,0.0,,0.0,0.5937,172.6507,95.3415
133,2,Forehand,IN_EVENT,ready,Backhand,True,False,False,98,150,119,119,,screen_right,10.0,Backhand,9.4868,0.0,,0.0,0.5937,172.6507,83.4865
134,2,Forehand,IN_EVENT,ready,Backhand,True,False,False,98,150,119,119,,screen_right,9.4868,Backhand,5.831,0.0,,0.0,0.5937,172.6507,74.108
135,2,Forehand,IN_EVENT,ready,Backhand,True,False,False,98,150,119,119,,screen_right,5.831,Backhand,3.1623,2.5,,0.0,0.5937,172.6507,70.0643
136,2,Forehand,IN_EVENT,ready,Backhand,True,False,False,98,150,119,119,,screen_right,3.6056,Backhand,3.6056,0.0,,0.0,0.5937,172.6507,66.2722
137,2,Forehand,IN_EVENT,ready,Backhand,True,False,False,98,150,119,119,,screen_right,3.6056,Backhand,8.0,0.0,,0.0,0.5937,172.6507,63.0079
138,2,Forehand,IN_EVENT,ready,Two-Handed Backhand,True,False,False,98,150,119,119,,screen_right,8.0,Two-Handed Backhand,13.0,0.0,,0.0,0.5937,172.6507,53.0094
139,2,Forehand,IN_EVENT,ready,Two-Handed Backhand,True,False,False,98,150,119,119,,screen_right,13.0,Two-Handed Backhand,16.0,0.0,,0.0,0.5937,172.6507,45.1774
140,2,Forehand,IN_EVENT,ready,Two-Handed Backhand,True,False,False,98,150,119,119,,screen_right,16.0,Two-Handed Backhand,22.1359,0.0,,0.0,0.5937,172.6507,31.257
141,2,Forehand,IN_EVENT,ready,Two-Handed Backhand,True,False,False,98,150,119,119,,screen_right,22.1359,Two-Handed Backhand,24.4131,0.0,,0.0,0.5937,172.6507,22.6716
142,2,Forehand,IN_EVENT,ready,Two-Handed Backhand,True,False,False,98,150,119,119,,screen_right,24.4131,Two-Handed Backhand,26.9258,12.2577,,0.0,0.5937,172.6507,24.0
143,2,Forehand,IN_EVENT,ready,Two-Handed Backhand,True,False,False,98,150,119,119,,screen_right,26.9258,Two-Handed Backhand,34.7131,28.1603,,0.0,0.5937,172.6507,49.2443
144,2,Forehand,IN_EVENT,ready,Backhand,True,False,False,98,150,119,119,,screen_right,31.6228,Backhand,31.6228,24.1661,,0.0,0.5937,172.6507,72.7324
145,2,Forehand,IN_EVENT,ready,Backhand,True,False,False,98,150,119,119,,screen_right,31.6228,Backhand,29.5296,0.0,,0.0,0.5937,172.6507,89.9889
146,2,Forehand,IN_EVENT,ready,Backhand,True,False,False,98,150,119,119,,screen_right,29.5296,Backhand,26.5707,0.0,,0.0,0.5937,172.6507,100.6628
147,2,Forehand,IN_EVENT,ready,Backhand,True,False,False,98,150,119,119,,screen_right,26.5707,Backhand,22.8035,34.9857,,0.0,0.5937,172.6507,107.912
148,2,Forehand,IN_EVENT,ready,Backhand,True,False,False,98,150,119,119,,screen_right,26.2393,Backhand,15.5242,20.7002,,0.0,0.5937,172.6507,112.7519
149,2,Forehand,IN_EVENT,ready,Backhand,True,False,False,98,150,119,119,,screen_right,18.75,Backhand,12.0416,25.0,,0.0,0.5937,172.6507,114.2804
150,2,Forehand,IN_EVENT,ready,Backhand,True,False,False,98,150,119,119,,screen_right,15.5252,Backhand,9.0554,11.3137,,0.0,0.5937,172.6507,116.1077
151,,No Event,NO_EVENT,ready,Backhand,False,False,False,,,,,,,18.75,Backhand,6.3246,30.0666,,0.0,,,116.0388
152,,No Event,NO_EVENT,ready,Backhand,False,False,False,,,,,,,9.0554,Backhand,4.4721,4.717,,0.0,,,115.0
153,,No Event,NO_EVENT,ready,Backhand,False,False,False,,,,,,,6.0583,Backhand,3.6056,8.0777,,0.0,,,113.1592
154,,No Event,NO_EVENT,ready,Forehand,False,False,False,,,,,,,6.0583,Forehand,2.0,8.5147,,0.0,,,113.3578
155,,No Event,NO_EVENT,ready,Forehand,False,False,False,,,,,,,6.0583,Forehand,2.2361,7.1063,,0.0,,,114.5295
156,,No Event,NO_EVENT,ready,Forehand,False,False,False,,,,,,,5.3297,Forehand,3.0,2.0616,,0.0,,,113.0
157,,No Event,NO_EVENT,ready,Forehand,False,False,False,,,,,,,4.4721,Forehand,4.4721,4.2426,,0.0,,,110.6436
158,,No Event,NO_EVENT,ready,Forehand,False,False,False,,,,,,,4.4721,Forehand,10.0,0.0,,0.0,,,106.3673
159,,No Event,NO_EVENT,ready,Forehand,False,False,False,,,,,,,6.7082,Forehand,6.7082,0.0,,0.0,,,108.1896
160,,No Event,NO_EVENT,ready,Backhand,False,False,False,,,,,,,10.0,Backhand,12.53,0.0,,0.0,,,105.8017
161,,No Event,NO_EVENT,ready,Backhand,False,False,False,,,,,,,9.2195,Backhand,9.2195,0.0,,0.0,,,106.066
162,,No Event,NO_EVENT,ready,Backhand,False,False,False,,,,,,,10.198,Backhand,10.198,12.5,,0.0,,,107.2007
163,,No Event,NO_EVENT,ready,Backhand,False,False,False,,,,,,,10.198,Backhand,15.2315,2.1213,,0.0,,,103.8171
164,,No Event,NO_EVENT,ready,Backhand,False,False,False,,,,,,,11.0,Backhand,11.0,11.5434,,0.0,,,102.9563
165,,No Event,NO_EVENT,ready,Backhand,False,False,False,,,,,,,11.0,Backhand,9.0,13.8293,,0.0,,,103.8171
166,,No Event,NO_EVENT,ready,Backhand,False,False,False,,,,,,,10.372,Backhand,6.3246,0.0,,0.0,,,106.6771
167,,No Event,NO_EVENT,ready,Backhand,False,False,False,,,,,,,6.3246,Backhand,5.099,0.0,,0.0,,,106.5692
168,,No Event,NO_EVENT,ready,Backhand,False,False,False,,,,,,,5.099,Backhand,3.1623,0.0,,0.0,,,107.7868
169,,No Event,NO_EVENT,ready,Backhand,False,False,False,,,,,,,4.1231,Backhand,4.1231,0.0,,0.0,,,110.3177
170,,No Event,NO_EVENT,ready,Backhand,False,False,False,,,,,,,4.1231,Backhand,5.831,0.0,,0.0,,,112.5877
171,,No Event,NO_EVENT,ready,Backhand,False,False,False,,,,,,,4.1231,Backhand,2.2361,0.0,,0.0,,,111.0856
172,,No Event,NO_EVENT,ready,Backhand,False,False,False,,,,,,,2.2361,Backhand,2.2361,0.0,,0.0,,,108.6692
173,,No Event,NO_EVENT,ready,Backhand,False,False,False,,,,,,,2.2361,Backhand,3.0,0.0,,0.0,,,104.1201
174,,No Event,NO_EVENT,ready,Forehand,False,False,False,,,,,,,3.0,Forehand,5.831,0.0,,0.0,,,101.1929
175,,No Event,NO_EVENT,ready,Forehand,False,False,False,,,,,,,5.831,Forehand,7.2801,0.0,,0.0,,,98.0306
176,,No Event,NO_EVENT,ready,Forehand,False,False,False,,,,,,,7.2801,Forehand,11.4018,0.0,,0.0,,,95.2733
177,,No Event,NO_EVENT,ready,Forehand,False,False,False,,,,,,,11.4018,Forehand,12.2066,0.0,,0.0,,,95.5196
178,,No Event,NO_EVENT,ready,Forehand,False,False,False,,,,,,,12.2066,Forehand,14.4222,0.0,,0.0,,,97.4064
179,,No Event,NO_EVENT,ready,Forehand,False,False,False,,,,,,,14.4222,Forehand,14.8661,0.0,,0.0,,,92.8493
180,,No Event,NO_EVENT,ready,Forehand,False,False,False,,,,,,,14.8661,Forehand,15.2643,0.0,,0.0,,,82.4621
181,,No Event,NO_EVENT,ready,Forehand,False,False,False,,,,,,,15.2643,Forehand,16.7631,0.0,,0.0,,,70.6612
182,,No Event,NO_EVENT,ready,Forehand,False,False,False,,,,,,,15.2643,Forehand,13.6015,0.0,,0.0,,,57.8014
183,,No Event,NO_EVENT,ready,Forehand,False,False,False,,,,,,,16.7631,Forehand,28.6531,0.0,,0.0,,,44.2832
184,,No Event,NO_EVENT,ready,Forehand,False,False,False,,,,,,,13.6015,Forehand,12.0416,16.9706,,0.0,,,38.3275
185,,No Event,NO_EVENT,ready,Forehand,False,False,False,,,,,,,13.4164,Forehand,13.4164,0.0,,0.0,,,32.249
186,,No Event,NO_EVENT,ready,Forehand,False,False,False,,,,,,,12.7279,Forehand,9.8489,0.0,,0.0,,,27.1662
187,3,Forehand,IN_EVENT,follow_through,Forehand,False,False,False,187,239,208,208,,screen_straight,11.4018,Forehand,11.4018,0.0,988.958,0.0,0.4805,157.9953,29.1204
188,3,Forehand,IN_EVENT,follow_through,Forehand,False,False,False,187,239,208,208,,screen_straight,11.4018,Forehand,15.2315,10.5119,921.8525,0.0,0.4805,157.9953,39.9249
189,3,Forehand,IN_EVENT,follow_through,Forehand,False,False,False,187,239,208,208,,screen_straight,15.2315,Forehand,40.025,0.0,,0.0,0.4805,157.9953,77.6209
190,3,Forehand,IN_EVENT,follow_through,Forehand,False,False,False,187,239,208,208,,screen_straight,15.2315,Forehand,11.0454,0.0,,0.0,0.4805,157.9953,96.7988
191,3,Forehand,IN_EVENT,follow_through,Forehand,False,False,False,187,239,208,208,,screen_straight,11.0454,Forehand,0.0,0.0,835.1607,0.0,0.4805,157.9953,103.8171
192,3,Forehand,IN_EVENT,follow_through,Forehand,False,False,False,187,239,208,208,,screen_straight,10.5067,Forehand,0.0,14.0089,819.9701,0.0,0.4805,157.9953,107.5639
193,3,Forehand,IN_EVENT,follow_through,Forehand,False,False,False,187,239,208,208,,screen_straight,10.5067,Forehand,37.8021,13.9284,805.9089,0.0,0.4805,157.9953,100.6032
194,3,Forehand,IN_EVENT,backswing,Forehand,False,False,False,187,239,208,208,,screen_straight,23.8537,Forehand,23.8537,5.7009,801.7413,0.0,0.4805,157.9953,108.2682
195,3,Forehand,IN_EVENT,backswing,Forehand,False,False,False,187,239,208,208,,screen_straight,23.8537,Forehand,4.2426,20.4267,807.3165,0.0,0.4805,157.9953,109.11
196,3,Forehand,IN_EVENT,backswing,Forehand,False,False,False,187,239,208,208,,screen_straight,23.8537,Forehand,40.4599,201.01,940.2264,0.0,0.4805,157.9953,136.0147
197,3,Forehand,IN_EVENT,follow_through,Forehand,False,False,False,187,239,208,208,,screen_straight,15.32,Forehand,8.544,0.0,,0.0,0.4805,157.9953,139.517
198,3,Forehand,IN_EVENT,backswing,Forehand,False,False,False,187,239,208,208,,screen_straight,24.0832,Forehand,24.0832,0.0,,0.0,0.4805,157.9953,176.8191
199,3,Forehand,IN_EVENT,ready,Forehand,False,False,False,187,239,208,208,,screen_straight,8.544,Forehand,5.3852,0.0,,0.0,0.4805,157.9953,204.8341
200,3,Forehand,IN_EVENT,ready,Forehand,False,False,False,187,239,208,208,,screen_straight,5.3852,Forehand,3.1623,0.0,,0.0,0.4805,157.9953,228.5279
201,3,Forehand,IN_EVENT,ready,Forehand,False,False,False,187,239,208,208,,screen_straight,5.3852,Forehand,16.2788,0.0,,0.0,0.4805,157.9953,269.3585
202,3,Forehand,IN_EVENT,follow_through,Forehand,False,False,False,187,239,208,208,,screen_straight,13.4536,Forehand,13.4536,0.0,,0.0,0.4805,157.9953,307.0261
203,3,Forehand,IN_EVENT,follow_through,Forehand,False,False,False,187,239,208,208,,screen_straight,16.2788,Forehand,40.6079,0.0,,0.0,0.4805,157.9953,293.2337
204,3,Forehand,IN_EVENT,forward_swing,Forehand,False,False,False,187,239,208,208,,screen_straight,40.05,Forehand,40.05,0.0,,0.0,0.4805,157.9953,282.0284
205,3,Forehand,IN_EVENT,forward_swing,Forehand,False,False,False,187,239,208,208,,screen_straight,40.6079,Forehand,40.6079,0.0,,0.0,0.4805,157.9953,271.249
206,3,Forehand,IN_EVENT,forward_swing,Forehand,False,False,False,187,239,208,208,,screen_straight,40.1622,Forehand,40.1622,0.0,,0.0,0.4805,157.9953,263.8655
207,3,Forehand,IN_EVENT,forward_swing,Forehand,False,False,False,187,239,208,208,,screen_straight,40.1622,Forehand,40.1622,0.0,,0.0,0.4805,157.9953,256.4625
208,3,Forehand,PEAK,contact_candidate,Forehand,False,True,True,187,239,208,208,,screen_straight,40.1622,Forehand,16.1245,19.5576,93.5041,0.4805,0.4805,157.9953,233.5209
209,3,Forehand,IN_EVENT,forward_swing,Forehand,False,False,False,187,239,208,208,,screen_straight,40.1622,Forehand,29.5466,304.0674,497.6394,0.0,0.4805,157.9953,197.2232
210,3,Forehand,IN_EVENT,forward_swing,Backhand,True,False,False,187,239,208,208,,screen_straight,40.3113,Backhand,40.3113,0.0,,0.0,0.4805,157.9953,158.1455
211,3,Forehand,IN_EVENT,forward_swing,Backhand,True,False,False,187,239,208,208,,screen_straight,41.0488,Backhand,41.0488,0.0,,0.0,0.4805,157.9953,127.4049
212,3,Forehand,IN_EVENT,forward_swing,Backhand,True,False,False,187,239,208,208,,screen_straight,40.3113,Backhand,40.2244,0.0,,0.0,0.4805,157.9953,110.2769
213,3,Forehand,IN_EVENT,forward_swing,Backhand,True,False,False,187,239,208,208,,screen_straight,40.2244,Backhand,40.2244,0.0,,0.0,0.4805,157.9953,107.6894
214,3,Forehand,IN_EVENT,forward_swing,Backhand,True,False,False,187,239,208,208,,screen_straight,40.2244,Backhand,40.6079,0.0,,0.0,0.4805,157.9953,113.1106
215,3,Forehand,IN_EVENT,forward_swing,Backhand,True,False,False,187,239,208,208,,screen_straight,40.2244,Backhand,32.0156,0.0,,0.0,0.4805,157.9953,129.6341
216,3,Forehand,IN_EVENT,backswing,Backhand,True,False,False,187,239,208,208,,screen_straight,32.0156,Backhand,19.105,0.0,,0.0,0.4805,157.9953,138.7516
217,3,Forehand,IN_EVENT,backswing,Backhand,True,False,False,187,239,208,208,,screen_straight,19.105,Backhand,9.8995,0.0,,0.0,0.4805,157.9953,140.5205
218,3,Forehand,IN_EVENT,ready,Backhand,True,False,False,187,239,208,208,,screen_straight,9.8995,Backhand,5.0,0.0,,0.0,0.4805,157.9953,135.3403
219,3,Forehand,IN_EVENT,ready,Backhand,True,False,False,187,239,208,208,,screen_straight,5.0,Backhand,1.0,0.0,,0.0,0.4805,157.9953,126.9055
220,3,Forehand,IN_EVENT,ready,Backhand,True,False,False,187,239,208,208,,screen_straight,5.0,Backhand,7.0711,0.0,,0.0,0.4805,157.9953,112.1472
221,3,Forehand,IN_EVENT,ready,Backhand,True,False,False,187,239,208,208,,screen_straight,7.0711,Backhand,10.2956,0.0,,0.0,0.4805,157.9953,98.0459
222,3,Forehand,IN_EVENT,ready,Backhand,True,False,False,187,239,208,208,,screen_straight,7.0711,Backhand,5.3852,0.0,,0.0,0.4805,157.9953,86.0
223,3,Forehand,IN_EVENT,follow_through,Backhand,True,False,False,187,239,208,208,,screen_straight,10.2956,Backhand,13.9284,0.0,,0.0,0.4805,157.9953,67.0671
224,3,Forehand,IN_EVENT,follow_through,Two-Handed Backhand,True,False,False,187,239,208,208,,screen_straight,12.1655,Two-Handed Backhand,12.1655,0.0,,0.0,0.4805,157.9953,50.0
225,3,Forehand,IN_EVENT,follow_through,Two-Handed Backhand,True,False,False,187,239,208,208,,screen_straight,13.9284,Two-Handed Backhand,16.7631,0.0,,0.0,0.4805,157.9953,33.0606
226,3,Forehand,IN_EVENT,follow_through,Two-Handed Backhand,True,False,False,187,239,208,208,,screen_straight,14.5602,Two-Handed Backhand,14.5602,0.0,,0.0,0.4805,157.9953,19.0263
227,3,Forehand,IN_EVENT,follow_through,Two-Handed Backhand,True,False,False,187,239,208,208,,screen_straight,16.7631,Two-Handed Backhand,20.6155,21.3776,,0.0,0.4805,157.9953,12.0416
228,3,Forehand,IN_EVENT,backswing,Two-Handed Backhand,True,False,False,187,239,208,208,,screen_straight,20.6155,Two-Handed Backhand,23.8537,26.8794,,0.0,0.4805,157.9953,21.8403
229,3,Forehand,IN_EVENT,backswing,Two-Handed Backhand,True,False,False,187,239,208,208,,screen_straight,23.8537,Two-Handed Backhand,24.0832,15.4029,,0.0,0.4805,157.9953,40.0
230,3,Forehand,IN_EVENT,backswing,Two-Handed Backhand,True,False,False,187,239,208,208,,screen_straight,23.8537,Two-Handed Backhand,21.095,14.0357,,0.0,0.4805,157.9953,58.8303
231,3,Forehand,IN_EVENT,backswing,Backhand,True,False,False,187,239,208,208,,screen_straight,21.095,Backhand,19.3132,22.0737,,0.0,0.4805,157.9953,76.0263
232,3,Forehand,IN_EVENT,backswing,Backhand,True,False,False,187,239,208,208,,screen_straight,19.7366,Backhand,13.6015,26.3154,,0.0,0.4805,157.9953,86.6487
233,3,Forehand,IN_EVENT,backswing,Backhand,True,False,False,187,239,208,208,,screen_straight,19.3132,Backhand,11.4018,25.4018,,0.0,0.4805,157.9953,95.3415
234,3,Forehand,IN_EVENT,backswing,Backhand,True,False,False,187,239,208,208,,screen_straight,19.0513,Backhand,8.9443,16.1555,,0.0,0.4805,157.9953,102.9563
235,3,Forehand,IN_EVENT,follow_through,Backhand,True,False,False,187,239,208,208,,screen_straight,12.1166,Backhand,5.6569,9.0139,,0.0,0.4805,157.9953,106.3814
236,3,Forehand,IN_EVENT,follow_through,Backhand,True,False,False,187,239,208,208,,screen_straight,12.1166,Backhand,40.4475,0.0,,0.0,0.4805,157.9953,101.3163
237,3,Forehand,IN_EVENT,backswing,Backhand,True,False,False,187,239,208,208,,screen_straight,25.9615,Backhand,25.9615,0.0,,0.0,0.4805,157.9953,104.3072
238,3,Forehand,IN_EVENT,backswing,Backhand,True,False,False,187,239,208,208,,screen_straight,25.9615,Backhand,15.2315,0.0,,0.0,0.4805,157.9953,105.0762
239,3,Forehand,IN_EVENT,follow_through,Backhand,True,False,False,187,239,208,208,,screen_straight,15.2315,Backhand,11.4018,0.0,,0.0,0.4805,157.9953,106.0189
240,,No Event,NO_EVENT,ready,Backhand,False,False,False,,,,,,,12.083,Backhand,12.083,0.0,,0.0,,,103.0194
241,,No Event,NO_EVENT,ready,Backhand,False,False,False,,,,,,,12.083,Backhand,13.0,0.0,,0.0,,,100.02
242,,No Event,NO_EVENT,ready,Backhand,False,False,False,,,,,,,12.083,Backhand,10.7703,0.0,,0.0,,,99.1817
243,,No Event,NO_EVENT,ready,Backhand,False,False,False,,,,,,,10.7703,Backhand,9.2195,0.0,,0.0,,,100.4988
244,,No Event,NO_EVENT,ready,Backhand,False,False,False,,,,,,,9.2195,Backhand,9.0554,0.0,,0.0,,,100.7174
245,,No Event,NO_EVENT,ready,Forehand,False,False,False,,,,,,,9.0554,Forehand,7.0,0.0,,0.0,,,100.7174
246,,No Event,NO_EVENT,ready,Forehand,False,False,False,,,,,,,7.0,Forehand,4.1231,0.0,,0.0,,,101.8332
247,,No Event,NO_EVENT,ready,Forehand,False,False,False,,,,,,,4.1231,Forehand,3.6056,0.0,,0.0,,,104.0865
248,,No Event,NO_EVENT,ready,Forehand,False,False,False,,,,,,,4.0,Forehand,4.0,0.0,,0.0,,,107.2007
249,,No Event,NO_EVENT,ready,Forehand,False,False,False,,,,,,,4.0,Forehand,5.099,0.0,,0.0,,,113.1371
