frame_id,timestamp,raw_swing_type,event_id,phase,motion_energy,wrist_speed,wrist_accel,racket_speed,racket_accel,ball_speed,ball_racket_distance,contact_score,two_hand_distance,active_wrist_x_offset,arm_extension_deg,shoulder_turn_deg,hip_shoulder_sep_deg
0,0.0,Forehand,,ready,0.0,0.0,0.0,0.0,0.0,0.0,,0.0,125.004,-72.0,111.2962,88.3,1.1003
1,0.04,Forehand,,ready,4.6987,2.2361,2.2361,6.265,6.265,0.0,,0.0,122.0656,-72.0,113.6787,88.7,0.6665
2,0.08,Forehand,,ready,4.0562,2.0,-0.2361,5.4083,-0.8567,0.0,,0.0,121.2642,-74.5,116.1815,89.6,0.4244
3,0.119,Forehand,,ready,4.0562,2.0,0.0,2.9155,-2.4929,0.0,,0.0,121.499,-76.5,118.323,90.0,0.6161
4,0.159,Forehand,,ready,4.0562,2.2361,0.2361,6.0828,3.1673,0.0,,0.0,122.8007,-80.0,120.4443,91.7,0.4778
5,0.199,Forehand,,ready,4.1231,4.1231,1.887,1.118,-4.9647,0.0,,0.0,122.3315,-83.0,123.0015,94.3,2.4399
6,0.239,Forehand,,ready,4.5621,5.0,0.8769,0.0,-1.118,0.0,,0.0,126.2894,-87.0,126.2305,96.5,2.7917
7,0.278,Forehand,,ready,5.0,8.2462,3.2462,0.0,0.0,0.0,,0.0,128.8914,-92.0,128.2849,98.4,4.0445
8,0.318,Forehand,,ready,8.2462,10.7703,2.5241,0.0,0.0,0.0,,0.0,131.0267,-97.0,129.7665,101.0,5.7596
9,0.358,Forehand,,ready,10.7703,14.5602,3.7899,0.0,0.0,0.0,,0.0,133.9291,-101.0,131.5318,103.4,7.397
10,0.398,Forehand,,ready,14.5602,15.8114,1.2512,0.0,0.0,0.0,,0.0,132.5179,-104.5,137.2593,105.1,7.5907
11,0.438,Forehand,,ready,15.8114,16.2788,0.4674,0.0,0.0,0.0,,0.0,123.065,-107.5,142.0306,107.1,8.6758
12,0.477,Forehand,,ready,16.2788,16.4924,0.2136,0.0,0.0,0.0,,0.0,109.2749,-111.5,147.3837,109.8,8.6523
13,0.517,Forehand,,ready,16.2788,12.3693,-4.1231,0.0,0.0,0.0,,0.0,96.2549,-114.0,150.4798,111.6,8.9152
14,0.557,Forehand,,ready,16.4924,18.1108,5.7415,0.0,0.0,0.0,,0.0,75.0733,-116.5,159.9812,111.5,7.4652
15,0.597,Forehand,,ready,18.1108,20.2237,2.113,0.0,0.0,0.0,,0.0,61.5873,-115.0,156.4677,111.1,6.0236
16,0.636,Forehand,,ready,18.1108,16.6433,-3.5804,0.0,0.0,0.0,,0.0,58.5918,-123.0,147.7779,109.3,3.2165
17,0.676,Forehand,,ready,16.6433,15.8114,-0.8319,0.0,0.0,0.0,,0.0,62.1691,-130.0,154.44,110.7,2.9622
18,0.716,Forehand,,ready,15.8114,11.4018,-4.4096,0.0,0.0,0.0,,0.0,62.6498,-133.0,154.9978,111.4,3.3643
19,0.756,Forehand,,ready,15.6605,8.0623,-3.3395,20.8806,20.8806,0.0,,0.0,63.8905,-127.5,152.981,113.1,4.2266
20,0.796,Forehand,,ready,15.6605,19.2354,11.1731,11.1803,-9.7003,0.0,1203.8624,0.0,78.9177,-119.5,144.8163,114.7,4.93
21,0.835,Forehand,,ready,19.2354,21.6333,2.3979,6.1033,-5.0771,84.8536,1124.7116,0.0,65.6201,-96.5,121.4358,119.1,7.2532
22,0.875,Forehand,,ready,19.2354,18.4391,-3.1942,16.568,10.4648,67.475,1062.1328,0.0,57.6975,-78.5,90.4531,117.6,4.6573
23,0.915,Forehand,,ready,18.4391,10.0499,-8.3892,5.5902,-10.9779,51.1067,1010.6052,0.0,52.4309,-67.0,73.6923,112.2,0.1311
24,0.955,Forehand,,ready,10.3448,0.0,-10.0499,13.7931,8.2029,38.3675,962.0976,0.0,31.1448,-67.0,73.6923,112.2,4.316
25,0.994,Forehand,1,follow_through,10.3448,0.0,0.0,16.0,2.2069,30.4103,918.8628,0.0,48.2701,-67.0,73.6923,112.2,6.8056
26,1.034,Forehand,1,follow_through,12.0,23.6008,23.6008,4.7434,-11.2566,18.3463,901.2326,0.0,24.0832,-64.5,84.4171,120.5,3.1157
27,1.074,Forehand,1,follow_through,12.0,9.434,-14.1669,2.9155,-1.8279,12.3201,888.5745,0.0,19.4165,-56.5,83.8416,122.3,9.8955
28,1.114,Forehand,1,follow_through,16.1555,16.1555,6.7215,4.4721,1.5567,4.3094,882.9681,0.0,18.6815,-41.0,89.5885,112.2,4.2449
29,1.154,Forehand,1,follow_through,16.1555,40.7922,24.6367,8.0777,3.6056,12.0507,871.846,0.0,69.1231,-39.5,81.4309,118.9,12.7732
30,1.193,Forehand,1,forward_swing,40.5216,40.5216,-0.2706,0.0,-8.0777,79.0882,,0.0,122.9309,-44.0,116.5651,124.5,16.8081
31,1.233,Forehand,1,forward_swing,40.5216,27.1662,-13.3554,0.0,0.0,67.2206,,0.0,170.845,-42.0,128.9725,124.1,17.817
32,1.273,Forehand,1,backswing,27.1662,25.0799,-2.0863,0.0,0.0,64.1269,,0.0,220.0477,-45.0,168.2614,123.3,17.6326
33,1.313,Forehand,1,backswing,25.0799,5.0,-20.0799,0.0,0.0,61.612,,0.0,250.6352,-50.5,173.2526,117.2,13.1449
34,1.352,Forehand,1,ready,8.0623,8.0623,3.0623,0.0,0.0,52.875,,0.0,277.7949,-55.0,174.0615,110.3,7.9435
35,1.392,Forehand,1,ready,8.0623,14.0,5.9377,0.0,0.0,48.9477,,0.0,295.6011,-57.5,163.5025,108.1,6.0271
36,1.432,Forehand,1,follow_through,14.0,40.0125,26.0125,0.0,0.0,40.7492,,0.0,288.6001,-57.5,152.5086,97.4,2.6661
37,1.472,Forehand,1,forward_swing,40.0125,40.1995,0.187,0.0,0.0,33.2214,,0.0,282.45,-61.0,131.2954,90.7,6.6547
38,1.512,Forehand,1,forward_swing,40.1995,40.2616,0.0621,0.0,0.0,30.412,,0.0,279.7284,-73.5,33.6901,86.7,8.906
39,1.551,Forehand,1,forward_swing,40.2616,40.3113,0.0496,0.0,0.0,21.6793,,0.0,283.4237,-93.5,55.8403,84.1,9.1453
40,1.591,Forehand,1,contact_candidate,40.3113,40.7063,0.395,0.0,0.0,16.7418,105.6818,0.4129,291.988,-118.0,95.2905,82.8,9.7817
41,1.631,Forehand,1,contact_candidate,40.7063,40.7185,0.0123,23.3452,23.3452,12.258,78.9247,0.5615,303.2787,-141.5,132.4074,81.7,9.4845
42,1.671,Forehand,1,forward_swing,40.7063,14.4222,-26.2963,0.0,-23.3452,35.1869,,0.0,289.8362,-138.5,145.2162,81.7,9.4845
43,1.71,Forehand,1,forward_swing,34.9285,34.9285,20.5063,0.0,0.0,107.6127,257.4723,0.0,251.0717,-112.0,155.04,82.1,9.7508
44,1.75,Forehand,1,forward_swing,34.9285,40.8044,5.8759,0.0,0.0,151.5241,,0.0,215.9282,-81.0,130.7042,81.1,10.1397
45,1.79,Backhand,1,forward_swing,40.3609,40.3609,-0.4435,0.0,0.0,211.5891,,0.0,190.4127,-52.5,114.2744,83.2,8.731
46,1.83,Backhand,1,forward_swing,40.6079,40.6079,0.247,0.0,0.0,305.2122,,0.0,170.3907,-22.5,85.9737,84.3,7.5729
47,1.87,Backhand,1,forward_swing,40.6079,40.6079,0.0,0.0,0.0,0.0,,0.0,159.7905,6.0,56.4235,85.4,7.1391
48,1.909,Backhand,1,forward_swing,40.6079,40.4599,-0.148,0.0,0.0,0.0,,0.0,150.0,34.5,11.0564,87.1,5.4938
49,1.949,Backhand,1,forward_swing,40.4599,40.3609,-0.099,0.0,0.0,0.0,,0.0,147.6279,63.5,123.1465,88.0,3.9963
50,1.989,Backhand,1,forward_swing,40.3609,38.2099,-2.1509,0.0,0.0,0.0,,0.0,154.5736,90.5,129.8056,90.0,1.3972
51,2.029,Backhand,1,forward_swing,38.2099,15.5563,-22.6536,0.0,0.0,0.0,,0.0,154.2077,101.0,130.8835,92.3,1.587
52,2.068,Backhand,1,follow_through,15.5563,4.1231,-11.4332,0.0,0.0,0.0,,0.0,146.0137,105.0,132.438,95.2,4.4202
53,2.108,Backhand,1,ready,7.0,7.0,2.8769,0.0,0.0,0.0,,0.0,135.0037,105.0,130.8364,97.4,6.5567
54,2.148,Backhand,1,ready,7.0,11.1803,4.1803,0.0,0.0,0.0,,0.0,122.1024,107.5,137.6467,97.7,6.9149
55,2.188,Backhand,1,follow_through,11.1803,14.8661,3.6857,0.0,0.0,0.0,,0.0,108.5587,112.0,144.9262,96.4,6.4416
56,2.228,Backhand,1,follow_through,14.8661,16.2788,1.4128,0.0,0.0,0.0,,0.0,97.4936,113.0,143.7614,95.4,5.3558
57,2.267,Backhand,1,follow_through,16.2788,20.2237,3.9449,3.1623,3.1623,0.0,,0.0,82.28,112.5,146.0832,91.5,2.3017
58,2.307,Backhand,1,follow_through,16.2788,0.0,-20.2237,0.0,-3.1623,0.0,,0.0,82.28,112.5,146.0832,91.5,1.5275
59,2.347,Two-Handed Backhand,1,backswing,20.2237,40.7185,40.7185,0.0,0.0,0.0,,0.0,48.2701,97.0,141.4212,89.3,0.0876
60,2.387,Two-Handed Backhand,1,forward_swing,37.7359,37.7359,-2.9826,0.0,0.0,0.0,,0.0,26.0768,79.5,126.0342,86.2,1.5411
61,2.426,Two-Handed Backhand,1,forward_swing,37.7359,33.2866,-4.4493,17.5855,17.5855,0.0,,0.0,12.53,65.0,108.4929,83.9,2.4047
62,2.466,Two-Handed Backhand,1,forward_swing,33.9706,33.9706,0.6839,5.8523,-11.7332,0.0,,0.0,28.2312,48.5,97.3276,81.8,3.8695
63,2.506,Two-Handed Backhand,1,forward_swing,33.2866,29.0689,-4.9017,14.6373,8.7849,0.0,,0.0,47.5079,32.5,91.4562,81.7,3.465
64,2.546,Backhand,1,backswing,29.0689,28.3019,-0.7669,19.4487,4.8114,0.0,,0.0,67.082,14.5,90.42,81.1,3.5501
65,2.586,Backhand,1,backswing,29.0689,28.7924,0.4904,49.4217,29.973,0.0,,0.0,87.6641,-8.0,91.5641,81.2,3.7408
66,2.625,Backhand,1,backswing,28.3019,23.0868,-5.7056,25.632,-23.7896,0.0,,0.0,100.0,-26.5,92.6775,81.2,3.3121
67,2.665,Backhand,1,forward_swing,35.5004,16.7631,-6.3237,47.3339,21.7019,0.0,,0.0,109.6358,-39.0,93.2465,82.0,3.29
68,2.705,Backhand,1,backswing,23.0868,16.2788,-0.4842,17.3566,-29.9774,0.0,,0.0,118.0678,-52.0,95.5321,83.5,2.4386
69,2.745,Backhand,1,backswing,23.2983,10.7703,-5.5085,31.0644,13.7079,0.0,,0.0,122.4827,-60.0,97.5752,85.4,1.79
70,2.784,Backhand,1,follow_through,16.2788,8.6023,-2.168,15.6205,-15.4439,0.0,,0.0,124.904,-65.5,99.2753,86.7,1.6256
71,2.824,Backhand,1,follow_through,11.7154,6.4031,-2.1992,9.5,-6.1205,0.0,,0.0,125.6742,-69.0,99.861,87.6,0.7672
72,2.864,Forehand,1,ready,7.125,4.4721,-1.931,5.0249,-4.4751,0.0,,0.0,125.5747,-71.0,100.9019,87.6,0.1955
73,2.904,Forehand,1,ready,6.7604,2.0,-2.4721,9.0139,3.9889,0.0,,0.0,125.3994,-74.5,100.9619,88.4,0.0597
74,2.944,Forehand,1,ready,6.7604,2.0,0.0,31.504,22.4901,0.0,,0.0,126.2537,-76.5,101.501,88.4,0.6423
75,2.983,Forehand,1,ready,6.7604,4.1231,2.1231,3.8079,-27.6961,0.0,,0.0,127.063,-78.5,100.767,87.9,0.2305
76,3.023,Forehand,1,ready,9.0554,9.0554,4.9323,4.0311,0.2232,0.0,,0.0,122.0041,-77.0,99.696,88.8,0.473
77,3.063,Forehand,1,ready,9.0554,8.2462,-0.8092,14.5774,10.5463,0.0,,0.0,121.0372,-77.0,100.2002,88.3,0.5389
78,3.103,Forehand,,ready,9.2195,9.2195,0.9733,6.6708,-7.9065,0.0,,0.0,119.0,-77.0,99.7918,88.3,0.5389
79,3.142,Forehand,,ready,9.4868,9.4868,0.2673,4.5277,-2.1431,0.0,,0.0,118.0,-79.5,101.5572,89.6,0.4244
80,3.182,Forehand,,ready,9.2195,8.0623,-1.4246,9.6177,5.09,0.0,,0.0,119.0378,-82.0,103.9706,90.4,0.1517
81,3.222,Forehand,,ready,8.0623,7.0711,-0.9912,1.118,-8.4997,0.0,,0.0,121.0661,-85.5,105.0219,91.3,0.12
82,3.262,Forehand,,ready,7.0711,6.4031,-0.6679,7.2111,6.0931,0.0,,0.0,126.0,-89.5,105.7135,92.1,0.3588
83,3.302,Forehand,,ready,7.0711,7.2801,0.877,9.9624,2.7513,0.0,,0.0,130.0038,-95.5,106.1843,93.7,1.3616
84,3.341,Forehand,,ready,7.4718,10.0499,2.7698,13.7568,3.7944,0.0,,0.0,136.0,-99.5,105.7531,94.8,1.3632
85,3.381,Forehand,,ready,10.3176,12.0416,1.9917,18.1797,4.4228,0.0,,0.0,144.0139,-104.0,104.9371,95.6,2.1533
86,3.421,Forehand,,ready,13.6348,14.3178,2.2762,22.2991,4.1194,0.0,,0.0,153.209,-108.5,104.1815,96.7,2.7223
87,3.461,Forehand,,ready,15.5242,15.5242,1.2064,0.0,-22.2991,0.0,,0.0,162.0031,-113.5,104.0071,98.0,3.3878
88,3.5,Forehand,,ready,16.7243,18.3848,2.8606,0.0,0.0,0.0,,0.0,168.4666,-121.5,105.8753,100.4,4.5618
89,3.54,Forehand,,ready,17.72,17.72,-0.6647,0.0,0.0,0.0,,0.0,166.3791,-127.5,106.8568,102.4,5.606
90,3.58,Forehand,,ready,18.3848,18.4391,0.719,0.0,0.0,0.0,,0.0,160.8229,-130.0,111.6444,104.2,5.927
91,3.62,Forehand,,ready,18.4391,19.4165,0.9774,0.0,0.0,0.0,,0.0,155.6824,-132.5,122.4997,107.3,6.4168
92,3.66,Forehand,,ready,18.4391,18.0,-1.4165,0.0,0.0,0.0,,0.0,136.565,-132.5,134.7031,112.1,8.5722
93,3.699,Forehand,,ready,18.1108,18.1108,0.1108,0.0,0.0,0.0,,0.0,120.4326,-130.5,149.8221,114.4,7.8232
94,3.739,Forehand,,ready,18.0,15.0,-3.1108,0.0,0.0,0.0,,0.0,105.4751,-129.5,171.0739,113.3,6.8092
95,3.779,Forehand,,ready,15.0,8.0623,-6.9377,0.0,0.0,0.0,,0.0,78.6448,-120.0,154.7766,114.4,6.8727
96,3.819,Forehand,,ready,8.0623,6.0,-2.0623,0.0,0.0,0.0,,0.0,58.5235,-116.5,141.554,114.5,4.8448
97,3.858,Forehand,,ready,7.0711,7.0711,1.0711,5.7009,5.7009,0.0,,0.0,48.7647,-120.0,137.5295,113.9,4.1642
98,3.898,Forehand,2,ready,7.0711,7.8102,0.7392,10.0125,4.3116,0.0,,0.0,43.3244,-121.0,128.0888,112.0,2.5205
99,3.938,Forehand,2,ready,7.0711,5.099,-2.7112,0.0,-10.0125,0.0,,0.0,38.6394,-123.0,129.5056,114.6,2.8222
100,3.978,Forehand,2,ready,7.0711,7.0711,1.972,0.0,0.0,97.3181,,0.0,36.3456,-127.0,126.86,114.2,0.5251
101,4.018,Forehand,2,ready,7.0711,7.8102,0.7392,0.0,0.0,77.6459,981.0406,0.0,33.1361,-128.0,124.484,110.9,3.1777
102,4.057,Forehand,2,ready,7.8102,5.0,-2.8102,12.51,12.51,60.5932,921.1946,0.0,34.0147,-125.0,122.9868,104.9,7.3748
103,4.097,Forehand,2,ready,9.3825,9.8489,4.8489,17.4141,4.9041,46.6531,885.4937,0.0,30.1496,-114.5,121.0794,104.5,7.267
104,4.137,Forehand,2,ready,13.0606,15.1327,5.2839,5.6569,-11.7572,34.9294,848.9641,0.0,38.4708,-93.5,109.9687,113.5,0.978
105,4.177,Forehand,2,ready,13.0606,11.7047,-3.428,4.1231,-1.5337,24.375,822.5501,0.0,52.1536,-77.0,96.06,114.6,4.2137
106,4.216,Forehand,2,ready,11.7047,6.4031,-5.3016,11.0114,6.8883,14.4973,804.4714,0.0,50.4777,-65.5,94.7877,117.6,7.5697
107,4.256,Forehand,2,ready,11.7047,40.6079,34.2048,20.1556,9.1443,9.07,793.7063,0.0,88.2043,-65.0,144.3935,121.6,13.9071
108,4.296,Forehand,2,follow_through,40.6079,40.6079,0.0,18.3371,-1.8185,4.5784,794.8196,0.0,134.8073,-67.5,150.0685,125.1,17.7802
109,4.336,Forehand,2,follow_through,40.6079,35.0,-5.6079,0.0,-18.3371,5.4365,,0.0,183.3576,-67.0,156.3829,132.7,24.2744
110,4.376,Forehand,2,ready,35.0,15.2971,-19.7029,0.0,0.0,65.86,,0.0,217.2487,-63.5,169.3394,126.5,19.5083
111,4.415,Forehand,2,ready,15.2971,5.099,-10.198,0.0,0.0,71.4392,,0.0,249.0883,-60.5,161.5651,125.4,19.5599
112,4.455,Forehand,2,ready,5.099,5.099,0.0,0.0,0.0,64.6894,,0.0,278.627,-58.0,155.3764,124.1,18.3977
113,4.495,Forehand,2,ready,5.099,32.0624,26.9634,0.0,0.0,60.75,,0.0,283.7358,-58.0,122.9052,125.0,18.5516
114,4.535,Forehand,2,ready,25.7099,25.7099,-6.3525,0.0,0.0,55.971,,0.0,287.0679,-56.0,105.0698,123.4,16.8537
115,4.574,Forehand,2,ready,25.7099,9.434,-16.2759,0.0,0.0,48.6562,,0.0,297.3214,-58.0,106.115,118.4,13.0474
116,4.614,Forehand,2,ready,25.7099,40.05,30.616,0.0,0.0,41.628,,0.0,278.1079,-58.5,86.3381,104.2,1.2992
117,4.654,Forehand,2,follow_through,40.05,40.2616,0.2117,0.0,0.0,36.5625,414.3156,0.0,265.4807,-74.5,64.5159,98.1,2.0454
118,4.694,Forehand,2,follow_through,40.2616,40.2492,-0.0124,213.3565,213.3565,30.3915,596.9268,0.0,266.1522,-101.0,100.0846,93.7,3.932
119,4.734,Forehand,2,contact_candidate,160.0174,40.8167,0.5674,513.9815,300.625,22.4987,73.1373,0.5937,275.3471,-131.5,127.1641,90.9,5.6856
120,4.773,Forehand,2,forward_swing,160.0174,18.6815,-22.1351,14.0089,-499.9726,0.0,,0.0,276.7418,-146.5,136.4016,89.5,6.3573
121,4.813,Forehand,2,ready,36.4117,20.2485,1.5669,48.5489,34.54,0.0,162.0299,0.0998,257.3908,-135.5,138.8141,88.7,6.5266
122,4.853,Forehand,2,ready,36.4117,40.8167,20.5682,0.0,-48.5489,165.4617,,0.0,226.0619,-107.5,145.0096,88.2,6.3241
123,4.893,Forehand,2,follow_through,40.3113,40.3113,-0.5054,0.0,0.0,277.7451,,0.0,197.1015,-76.0,129.2778,87.3,7.1737
124,4.932,Backhand,2,follow_through,40.4969,40.4969,0.1856,0.0,0.0,0.0,,0.0,174.2699,-45.5,164.6667,88.2,6.2315
125,4.972,Backhand,2,follow_through,40.3113,40.3113,-0.1856,0.0,0.0,0.0,,0.0,157.2069,-12.0,130.5175,90.0,3.8141
126,5.012,Backhand,2,follow_through,40.3113,40.2492,-0.0621,0.0,0.0,0.0,,0.0,149.6162,23.5,138.5163,91.5,1.7312
127,5.052,Backhand,2,follow_through,40.2492,40.2492,0.0,0.0,0.0,0.0,,0.0,136.6931,59.0,146.3099,91.8,0.3418
128,5.092,Backhand,2,follow_through,40.2492,33.541,-6.7082,0.0,0.0,0.0,,0.0,125.9365,89.5,148.8407,92.1,0.1101
129,5.131,Backhand,2,ready,33.541,16.1245,-17.4165,0.0,0.0,0.0,,0.0,116.1551,103.5,151.7528,95.1,2.6978
130,5.171,Backhand,2,ready,16.1245,8.0623,-8.0623,0.0,0.0,0.0,,0.0,107.0047,105.0,129.9916,97.6,4.9921
131,5.211,Backhand,2,ready,10.0,10.0,1.9377,1.0,1.0,0.0,,0.0,97.4166,93.5,78.1113,100.0,7.3481
132,5.251,Backhand,2,ready,10.0,14.4222,4.4222,0.0,-1.0,0.0,,0.0,95.3415,78.0,56.6196,102.4,9.7236
133,5.29,Backhand,2,ready,10.0,9.4868,-4.9354,0.0,0.0,0.0,,0.0,83.4865,85.5,82.2348,105.6,11.9014
134,5.33,Backhand,2,ready,9.4868,5.831,-3.6559,0.0,0.0,0.0,,0.0,74.108,84.5,108.4923,103.7,10.0449
135,5.37,Backhand,2,ready,5.831,3.1623,-2.6687,2.5,2.5,0.0,,0.0,70.0643,84.0,97.8964,100.6,7.8494
136,5.41,Backhand,2,ready,3.6056,3.6056,0.4433,0.0,-2.5,0.0,,0.0,66.2722,83.0,97.7382,97.9,5.1695
137,5.45,Backhand,2,ready,3.6056,8.0,4.3944,0.0,0.0,0.0,,0.0,63.0079,82.5,105.6795,96.6,4.9036
138,5.489,Two-Handed Backhand,2,ready,8.0,13.0,5.0,0.0,0.0,0.0,,0.0,53.0094,82.0,120.2005,95.9,4.2649
139,5.529,Two-Handed Backhand,2,ready,13.0,16.0,3.0,0.0,0.0,0.0,,0.0,45.1774,81.0,118.5957,95.1,2.8484
140,5.569,Two-Handed Backhand,2,ready,16.0,22.1359,6.1359,0.0,0.0,0.0,,0.0,31.257,77.0,111.1351,93.0,0.8339
141,5.609,Two-Handed Backhand,2,ready,22.1359,24.4131,2.2772,0.0,0.0,0.0,,0.0,22.6716,65.5,99.7903,90.0,1.3972
142,5.648,Two-Handed Backhand,2,ready,24.4131,26.9258,2.5127,12.2577,12.2577,0.0,,0.0,24.0,56.0,92.6536,87.8,2.8514
143,5.688,Two-Handed Backhand,2,ready,26.9258,34.7131,7.7873,28.1603,15.9026,0.0,,0.0,49.2443,34.5,88.8209,87.3,2.6754
144,5.728,Backhand,2,ready,31.6228,31.6228,-3.0903,24.1661,-3.9942,0.0,,0.0,72.7324,14.0,87.9957,86.9,3.0665
145,5.768,Backhand,2,ready,31.6228,29.5296,-2.0931,0.0,-24.1661,0.0,,0.0,89.9889,-5.5,90.1466,86.1,3.9116
146,5.808,Backhand,2,ready,29.5296,26.5707,-2.959,0.0,0.0,0.0,,0.0,100.6628,-25.0,94.4488,84.9,5.0694
147,5.847,Backhand,2,ready,26.5707,22.8035,-3.7672,34.9857,34.9857,0.0,,0.0,107.912,-40.5,98.6784,84.7,4.6918
148,5.887,Backhand,2,ready,26.2393,15.5242,-7.2793,20.7002,-14.2855,0.0,,0.0,112.7519,-50.5,101.7982,84.8,4.5525
149,5.927,Backhand,2,ready,18.75,12.0416,-3.4826,25.0,4.2998,0.0,,0.0,114.2804,-58.5,104.5009,85.8,3.6396
150,5.967,Backhand,2,ready,15.5252,9.0554,-2.9862,11.3137,-13.6863,0.0,,0.0,116.1077,-63.5,107.2688,86.7,3.294
151,6.006,Backhand,,ready,18.75,6.3246,-2.7308,30.0666,18.7529,0.0,,0.0,116.0388,-67.0,110.3106,88.0,2.0454
152,6.046,Backhand,,ready,9.0554,4.4721,-1.8524,4.717,-25.3496,0.0,,0.0,115.0,-69.5,114.2548,88.8,1.7806
153,6.086,Backhand,,ready,6.0583,3.6056,-0.8666,8.0777,3.3608,0.0,,0.0,113.1592,-71.0,117.0354,89.6,0.9766
154,6.126,Forehand,,ready,6.0583,2.0,-1.6056,8.5147,0.4369,0.0,,0.0,113.3578,-71.0,118.5642,90.0,0.5729
155,6.166,Forehand,,ready,6.0583,2.2361,0.2361,7.1063,-1.4084,0.0,,0.0,114.5295,-71.0,119.3595,90.0,0.5729
156,6.205,Forehand,,ready,5.3297,3.0,0.7639,2.0616,-5.0448,0.0,,0.0,113.0,-72.0,120.0385,91.6,0.4908
157,6.245,Forehand,,ready,4.4721,4.4721,1.4721,4.2426,2.1811,0.0,,0.0,110.6436,-72.5,122.4062,92.0,0.8852
158,6.285,Forehand,,ready,4.4721,10.0,5.5279,0.0,-4.2426,0.0,,0.0,106.3673,-70.5,125.0223,92.8,1.1238
159,6.325,Forehand,,ready,6.7082,6.7082,-3.2918,0.0,0.0,0.0,,0.0,108.1896,-73.0,127.5438,93.2,0.9339
160,6.364,Backhand,,ready,10.0,12.53,5.8218,0.0,0.0,0.0,,0.0,105.8017,-71.0,129.3497,93.2,0.8892
161,6.404,Backhand,,ready,9.2195,9.2195,-3.3104,0.0,0.0,0.0,,0.0,106.066,-71.0,128.9825,93.6,0.7139
162,6.444,Backhand,,ready,10.198,10.198,0.9785,12.5,12.5,0.0,,0.0,107.2007,-71.0,130.083,93.6,0.1427
163,6.484,Backhand,,ready,10.198,15.2315,5.0335,2.1213,-10.3787,0.0,,0.0,103.8171,-66.0,132.0479,93.2,0.3237
164,6.524,Backhand,,ready,11.0,11.0,-4.2315,11.5434,9.4221,0.0,,0.0,102.9563,-64.0,132.1524,94.0,0.1979
165,6.563,Backhand,,ready,11.0,9.0,-2.0,13.8293,2.2859,0.0,,0.0,103.8171,-62.0,135.1426,94.7,0.065
166,6.603,Backhand,,ready,10.372,6.3246,-2.6754,0.0,-13.8293,0.0,,0.0,106.6771,-61.0,139.1107,95.5,0.0655
167,6.643,Backhand,,ready,6.3246,5.099,-1.2255,0.0,0.0,0.0,,0.0,106.5692,-60.5,143.0391,95.8,0.1827
168,6.683,Backhand,,ready,5.099,3.1623,-1.9367,0.0,0.0,0.0,,0.0,107.7868,-61.5,146.059,96.7,0.0124
169,6.723,Backhand,,ready,4.1231,4.1231,0.9608,0.0,0.0,0.0,,0.0,110.3177,-63.5,148.168,97.6,0.7502
170,6.762,Backhand,,ready,4.1231,5.831,1.7078,0.0,0.0,0.0,,0.0,112.5877,-65.5,149.343,98.6,1.5455
171,6.802,Backhand,,ready,4.1231,2.2361,-3.5949,0.0,0.0,0.0,,0.0,111.0856,-65.5,152.9691,98.8,1.5529
172,6.842,Backhand,,ready,2.2361,2.2361,0.0,0.0,0.0,0.0,,0.0,108.6692,-64.0,156.5953,99.9,2.3347
173,6.882,Backhand,,ready,2.2361,3.0,0.7639,0.0,0.0,0.0,,0.0,104.1201,-63.0,159.3193,100.6,2.9792
174,6.921,Forehand,,ready,3.0,5.831,2.831,0.0,0.0,0.0,,0.0,101.1929,-63.0,160.0037,102.0,4.2015
175,6.961,Forehand,,ready,5.831,7.2801,1.4492,0.0,0.0,0.5737,,0.0,98.0306,-65.0,160.1454,101.7,3.5593
176,7.001,Forehand,,ready,7.2801,11.4018,4.1216,0.0,0.0,0.0,,0.0,95.2733,-69.5,161.5069,102.7,4.0063
177,7.041,Forehand,,ready,11.4018,12.2066,0.8048,0.0,0.0,0.0,,0.0,95.5196,-74.5,158.5523,103.4,5.0266
178,7.081,Forehand,,ready,12.2066,14.4222,2.2156,0.0,0.0,0.0,,0.0,97.4064,-81.0,156.7417,106.6,7.2774
179,7.12,Forehand,,ready,14.4222,14.8661,0.4439,0.0,0.0,0.0,,0.0,92.8493,-88.0,154.1511,108.6,7.3247
180,7.16,Forehand,,ready,14.8661,15.2643,0.3983,0.0,0.0,0.0,,0.0,82.4621,-94.0,155.9755,111.8,7.2272
181,7.2,Forehand,,ready,15.2643,16.7631,1.4987,0.0,0.0,0.0,,0.0,70.6612,-95.5,160.8583,116.3,7.028
182,7.24,Forehand,,ready,15.2643,13.6015,-3.1616,0.0,0.0,0.0,,0.0,57.8014,-94.5,177.4236,117.6,5.5036
183,7.279,Forehand,,ready,16.7631,28.6531,15.0516,0.0,0.0,0.0,,0.0,44.2832,-81.0,144.2882,128.8,2.6123
184,7.319,Forehand,,ready,13.6015,12.0416,-16.6115,16.9706,16.9706,0.0,,0.0,38.3275,-86.5,118.0058,133.3,18.6122
185,7.359,Forehand,,ready,13.4164,13.4164,1.3748,0.0,-16.9706,0.0,,0.0,32.249,-94.5,112.5206,135.0,36.8699
186,7.399,Forehand,,ready,12.7279,9.8489,-3.5676,0.0,0.0,95.6406,,0.0,27.1662,-101.5,118.042,148.0,53.0429
187,7.439,Forehand,3,follow_through,11.4018,11.4018,1.5529,0.0,0.0,76.078,988.958,0.0,29.1204,-109.0,125.6579,169.7,53.0142
188,7.478,Forehand,3,follow_through,11.4018,15.2315,3.8298,10.5119,10.5119,59.8343,921.8525,0.0,39.9249,-112.0,123.7184,160.0,35.6365
189,7.518,Forehand,3,follow_through,15.2315,40.025,24.7934,0.0,-10.5119,43.7928,,0.0,77.6209,-110.0,139.4634,173.7,49.1513
190,7.558,Forehand,3,follow_through,15.2315,11.0454,-28.9796,0.0,0.0,32.4391,,0.0,96.7988,-106.0,143.3794,159.4,31.2867
191,7.598,Forehand,3,follow_through,11.0454,0.0,-11.0454,0.0,0.0,23.4358,835.1607,0.0,103.8171,-101.0,140.7257,158.2,15.0685
192,7.637,Forehand,3,follow_through,10.5067,0.0,0.0,14.0089,14.0089,14.0801,819.9701,0.0,107.5639,-96.0,94.1222,143.1,15.8324
193,7.677,Forehand,3,follow_through,10.5067,37.8021,37.8021,13.9284,-0.0805,7.1981,805.9089,0.0,100.6032,-59.0,55.9715,133.4,34.5418
194,7.717,Forehand,3,backswing,23.8537,23.8537,-13.9484,5.7009,-8.2275,4.0099,801.7413,0.0,108.2682,-63.5,50.8303,132.1,33.8262
195,7.757,Forehand,3,backswing,23.8537,4.2426,-19.6111,20.4267,14.7258,7.5811,807.3165,0.0,109.11,-52.5,20.9695,129.6,37.1998
196,7.797,Forehand,3,backswing,23.8537,40.4599,36.2172,201.01,180.5833,63.3306,940.2264,0.0,136.0147,-70.0,174.314,137.7,45.6401
197,7.836,Forehand,3,follow_through,15.32,8.544,-31.9159,0.0,-201.01,72.0,,0.0,139.517,-71.0,175.129,155.6,55.8735
198,7.876,Forehand,3,backswing,24.0832,24.0832,15.5392,0.0,0.0,65.8125,,0.0,176.8191,-79.0,177.6312,180.0,40.3645
199,7.916,Forehand,3,ready,8.544,5.3852,-18.698,0.0,0.0,59.9062,,0.0,204.8341,-75.0,164.1676,159.0,32.0926
200,7.956,Forehand,3,ready,5.3852,3.1623,-2.2229,0.0,0.0,55.7234,,0.0,228.5279,-68.0,156.7321,146.3,26.9522
201,7.995,Forehand,3,ready,5.3852,16.2788,13.1165,0.0,0.0,47.5418,,0.0,269.3585,-74.5,168.3811,136.0,21.8139
202,8.035,Forehand,3,follow_through,13.4536,13.4536,-2.8252,0.0,0.0,42.4688,,0.0,307.0261,-81.0,177.9282,125.4,16.6168
203,8.075,Forehand,3,follow_through,16.2788,40.6079,27.1543,0.0,0.0,36.8471,,0.0,293.2337,-70.5,172.1329,113.2,6.3118
204,8.115,Forehand,3,forward_swing,40.05,40.05,-0.5579,0.0,0.0,29.9573,,0.0,282.0284,-72.0,176.1859,103.6,0.4364
205,8.155,Forehand,3,forward_swing,40.6079,40.6079,0.5579,0.0,0.0,23.4844,,0.0,271.249,-79.5,57.3433,98.0,3.1189
206,8.194,Forehand,3,forward_swing,40.1622,40.1622,-0.4457,0.0,0.0,18.1475,,0.0,263.8655,-94.5,79.3803,94.0,4.0856
207,8.234,Forehand,3,forward_swing,40.1622,40.1622,0.0,0.0,0.0,0.0,,0.0,256.4625,-112.0,112.492,91.6,5.5628
208,8.274,Forehand,3,contact_candidate,40.1622,16.1245,-24.0377,19.5576,19.5576,0.0,93.5041,0.4805,233.5209,-109.5,125.5586,90.5,5.0907
209,8.314,Forehand,3,forward_swing,40.1622,29.5466,13.4221,304.0674,284.5098,118.5032,497.6394,0.0,197.2232,-88.5,139.7672,90.5,5.1064
210,8.353,Backhand,3,forward_swing,40.3113,40.3113,10.7647,0.0,-304.0674,194.0932,,0.0,158.1455,-57.5,141.2072,89.1,6.4221
211,8.393,Backhand,3,forward_swing,41.0488,41.0488,0.7375,0.0,0.0,0.0,,0.0,127.4049,-27.5,107.0378,89.1,5.0023
212,8.433,Backhand,3,forward_swing,40.3113,40.2244,-0.8244,0.0,0.0,0.0,,0.0,110.2769,1.0,104.3387,90.0,3.9909
213,8.473,Backhand,3,forward_swing,40.2244,40.2244,0.0,0.0,0.0,0.0,,0.0,107.6894,31.0,123.523,91.4,2.627
214,8.513,Backhand,3,forward_swing,40.2244,40.6079,0.3835,0.0,0.0,0.0,,0.0,113.1106,63.0,145.2184,91.4,1.2622
215,8.552,Backhand,3,forward_swing,40.2244,32.0156,-8.5923,0.0,0.0,0.0,,0.0,129.6341,88.5,159.9807,93.7,1.6477
216,8.592,Backhand,3,backswing,32.0156,19.105,-12.9106,0.0,0.0,0.0,,0.0,138.7516,103.5,165.7967,95.3,3.1262
217,8.632,Backhand,3,backswing,19.105,9.8995,-9.2055,0.0,0.0,0.0,,0.0,140.5205,112.0,165.308,97.3,4.9674
218,8.672,Backhand,3,ready,9.8995,5.0,-4.8995,0.0,0.0,0.0,,0.0,135.3403,119.5,163.2117,99.1,9.0579
219,8.711,Backhand,3,ready,5.0,1.0,-4.0,0.0,0.0,0.0,,0.0,126.9055,121.0,159.4165,101.3,13.2191
220,8.751,Backhand,3,ready,5.0,7.0711,6.0711,0.0,0.0,0.0,,0.0,112.1472,114.5,156.9797,102.8,18.7665
221,8.791,Backhand,3,ready,7.0711,10.2956,3.2246,0.0,0.0,0.0,,0.0,98.0459,107.0,148.4652,102.4,18.7476
222,8.831,Backhand,3,ready,7.0711,5.3852,-4.9105,0.0,0.0,0.0,,0.0,86.0,104.5,139.6594,101.7,13.3617
223,8.871,Backhand,3,follow_through,10.2956,13.9284,8.5432,0.0,0.0,0.0,,0.0,67.0671,98.5,137.5645,99.3,9.3099
224,8.91,Two-Handed Backhand,3,follow_through,12.1655,12.1655,-1.7629,0.0,0.0,0.0,,0.0,50.0,95.5,125.5617,94.1,3.1898
225,8.95,Two-Handed Backhand,3,follow_through,13.9284,16.7631,4.5975,0.0,0.0,0.0,,0.0,33.0606,89.5,121.6755,90.0,0.8425
226,8.99,Two-Handed Backhand,3,follow_through,14.5602,14.5602,-2.2028,0.0,0.0,0.0,,0.0,19.0263,83.5,109.6538,86.6,3.3665
227,9.03,Two-Handed Backhand,3,follow_through,16.7631,20.6155,6.0553,21.3776,21.3776,0.0,,0.0,12.0416,73.5,99.8036,83.9,5.3834
228,9.069,Two-Handed Backhand,3,backswing,20.6155,23.8537,3.2382,26.8794,5.5018,0.0,,0.0,21.8403,59.0,95.1509,83.3,5.2596
229,9.109,Two-Handed Backhand,3,backswing,23.8537,24.0832,0.2295,15.4029,-11.4764,0.0,,0.0,40.0,43.0,91.5501,82.5,5.3491
230,9.149,Two-Handed Backhand,3,backswing,23.8537,21.095,-2.9882,14.0357,-1.3673,0.0,,0.0,58.8303,24.5,90.2833,82.4,5.4662
231,9.189,Backhand,3,backswing,21.095,19.3132,-1.7818,22.0737,8.0381,0.0,,0.0,76.0263,4.5,91.5482,83.3,4.6885
232,9.229,Backhand,3,backswing,19.7366,13.6015,-5.7117,26.3154,4.2417,0.0,,0.0,86.6487,-11.0,93.7945,84.6,2.8378
233,9.268,Backhand,3,backswing,19.3132,11.4018,-2.1997,25.4018,-0.9136,0.0,,0.0,95.3415,-25.0,95.9849,85.6,2.4896
234,9.308,Backhand,3,backswing,19.0513,8.9443,-2.4575,16.1555,-9.2463,0.0,,0.0,102.9563,-35.0,99.8432,85.7,2.4441
235,9.348,Backhand,3,follow_through,12.1166,5.6569,-3.2874,9.0139,-7.1416,0.0,,0.0,106.3814,-43.5,103.4836,86.6,1.5745
236,9.388,Backhand,3,follow_through,12.1166,40.4475,34.7906,0.0,-9.0139,0.0,,0.0,101.3163,-49.5,83.4988,86.6,2.1403
237,9.427,Backhand,3,backswing,25.9615,25.9615,-14.486,0.0,0.0,0.0,,0.0,104.3072,-53.0,105.7094,87.9,1.5142
238,9.467,Backhand,3,backswing,25.9615,15.2315,-10.73,0.0,0.0,0.0,,0.0,105.0762,-56.5,117.8801,88.7,0.6761
239,9.507,Backhand,3,follow_through,15.2315,11.4018,-3.8298,0.0,0.0,0.0,,0.0,106.0189,-60.0,126.5247,89.6,1.0436
240,9.547,Backhand,,ready,12.083,12.083,0.6813,0.0,0.0,0.0,,0.0,103.0194,-61.5,127.9553,90.8,0.9988
241,9.587,Backhand,,ready,12.083,13.0,0.917,0.0,0.0,0.0,,0.0,100.02,-60.5,129.4804,91.7,0.1249
242,9.626,Backhand,,ready,12.083,10.7703,-2.2297,0.0,0.0,0.0,,0.0,99.1817,-62.0,129.4725,92.2,0.2418
243,9.666,Backhand,,ready,10.7703,9.2195,-1.5508,0.0,0.0,0.0,,0.0,100.4988,-64.0,129.0756,92.6,1.0113
244,9.706,Backhand,,ready,9.2195,9.0554,-0.1642,0.0,0.0,0.0,,0.0,100.7174,-65.5,126.8098,93.9,0.2574
245,9.746,Forehand,,ready,9.0554,7.0,-2.0554,0.0,0.0,0.0,,0.0,100.7174,-67.5,125.721,94.7,0.5138
246,9.785,Forehand,,ready,7.0,4.1231,-2.8769,0.0,0.0,0.0,,0.0,101.8332,-71.0,123.9227,95.5,0.7277
247,9.825,Forehand,,ready,4.1231,3.6056,-0.5176,0.0,0.0,0.0,,0.0,104.0865,-74.0,124.6398,96.4,0.8596
248,9.865,Forehand,,ready,4.0,4.0,0.3944,0.0,0.0,0.0,,0.0,107.2007,-78.0,125.9966,96.8,1.2815
249,9.905,Forehand,,ready,4.0,5.099,1.099,0.0,0.0,0.0,,0.0,113.1371,-81.5,125.7539,97.3,1.6968
